 [
      {
        "id": 1001,
        "name": "fghfgh",
        "age": 15,
        "gender": "Male",
        "mobile": 7894561230
      },
      {
        "id": 1002,
        "name": "Amber",
        "age": 78,
        "gender": "Male",
        "mobile": 7418529630
      },
      {
        "id": 1003,
        "name": "sdfsfsdfsd",
        "age": 54,
        "gender": "Male",
        "mobile": 9874563210
      },
      {
        "id": 1004,
        "name": "Prakash",
        "age": 123,
        "gender": "Male",
        "mobile": 9515767225
      }
    ]