<?xml version="1.0" encoding="UTF-8"?>

<beans xmlns="http://www.springframework.org/schema/beans"

	xmlns:context="http://www.springframework.org/schema/context"

	xmlns:xsi="http://www.w3.org/2001/XMLSchema-instance"

	xmlns:mvc="http://www.springframework.org/schema/mvc"

	xmlns:tx="http://www.springframework.org/schema/tx"



	xsi:schemaLocation="

        http://www.springframework.org/schema/beans    

        http://www.springframework.org/schema/beans/spring-beans-2.5.xsd

        http://www.springframework.org/schema/context

        http://www.springframework.org/schema/context/spring-context.xsd

        http://www.springframework.org/schema/mvc

        http://www.springframework.org/schema/mvc/spring-mvc.xsd

        http://www.springframework.org/schema/tx

        http://www.springframework.org/schema/tx/spring-tx-3.0.xsd"
	default-init-method="startUp" default-destroy-method="myDestroy">

	<bean id="triangle" class="com.cg.Triangle">
		<!-- <property name="points">
			<list>
				<ref bean="zeroPoint" />
				<ref bean="Point2" />
				<ref bean="Point3" />
			</list>
		</property> -->
		<property name="pointA" ref="zeroPoint"/>
		<property name="pointB" ref="Point2"/>
		<property name="pointC" ref="Point3"/>
	</bean>

	<bean id="zeroPoint" class="com.cg.Point">
		<property name="x" value="0" />
		<property name="y" value="0" />
	</bean>
	<bean id="Point2" class="com.cg.Point">
		<property name="x" value="${point2.x}" />
		<property name="y" value="${point2.y}" />
	</bean>
	<bean id="Point3" class="com.cg.Point">
		<property name="x" value="${center.x}" />
		<property name="y" value="${center.y}
		" />
	</bean>
	<bean id="center" class="com.cg.Point">
		<property name="x" value="-20" />
		<property name="y" value="0" />
	</bean>
	<bean id="circle" class="com.cg.Circle" autowire="byName"></bean>
	<!-- <property name="center" ref="Point3"/> -->
	<!-- <bean class="com.cg.DisplayNameBeanPostProcessor"/> -->
	<bean
		class="org.springframework.beans.factory.config.PropertyPlaceholderConfigurer">
		<property name="locations">
			<list>
				<value>pointConfig.properties</value>
				<value>props.properties</value>
			</list>
		</property>
	</bean>
</beans>


